id,class,buying_low,buying_med,buying_vhigh,maint_low,maint_med,maint_vhigh,doors_3,doors_4,doors_5more,persons_4,persons_more,lug_boot_med,lug_boot_small,safety_low,safety_med
0,0.0,1,0,0,0,1,0,1,0,0,0,0,0,1,1,0
3,1.0,1,0,0,0,0,0,1,0,0,0,1,0,1,0,1
7,0.0,0,0,1,0,0,0,0,0,1,0,0,0,1,0,1
11,1.0,0,0,0,0,0,0,1,0,0,0,1,0,0,0,1
12,0.0,0,0,0,0,0,0,1,0,0,0,0,1,0,0,0
13,0.0,0,0,1,0,0,0,0,0,0,1,0,0,1,0,1
20,1.0,0,0,0,0,1,0,1,0,0,0,1,0,0,0,0
21,0.0,0,0,0,0,1,0,1,0,0,0,0,0,0,1,0
23,0.0,0,1,0,0,1,0,1,0,0,0,0,1,0,1,0
24,1.0,0,0,1,1,0,0,0,1,0,0,1,0,0,0,1
25,1.0,0,1,0,0,0,1,1,0,0,1,0,0,0,0,0
26,0.0,0,0,1,1,0,0,0,1,0,0,1,0,1,0,1
28,0.0,0,0,0,0,0,1,1,0,0,0,1,1,0,0,0
30,0.0,0,0,1,1,0,0,0,0,1,0,0,0,1,0,0
32,1.0,0,1,0,0,0,0,1,0,0,1,0,0,0,0,1
33,0.0,0,0,1,1,0,0,1,0,0,0,0,0,1,1,0
36,1.0,0,1,0,0,0,1,1,0,0,0,1,0,1,0,0
37,0.0,0,0,1,0,1,0,0,0,0,0,0,0,1,0,1
41,0.0,0,0,1,0,0,0,0,1,0,0,0,0,0,1,0
43,3.0,1,0,0,0,1,0,0,0,1,0,1,1,0,0,0
46,0.0,0,1,0,0,1,0,0,0,0,0,0,1,0,0,0
50,1.0,0,1,0,0,1,0,0,0,1,1,0,0,1,0,1
57,1.0,0,0,0,0,1,0,0,0,1,0,1,0,0,0,1
59,0.0,0,1,0,0,0,0,0,0,1,0,0,1,0,0,1
62,1.0,1,0,0,1,0,0,0,0,0,1,0,0,1,0,1
63,0.0,0,1,0,0,1,0,0,0,1,0,0,0,0,0,0
65,0.0,1,0,0,1,0,0,0,1,0,0,1,1,0,1,0
67,0.0,0,0,1,0,0,1,0,0,1,0,1,0,1,1,0
68,1.0,0,1,0,0,1,0,0,0,0,1,0,0,1,0,1
69,1.0,0,0,0,1,0,0,0,0,0,1,0,0,1,0,0
71,0.0,1,0,0,1,0,0,0,0,1,0,0,0,0,1,0
72,3.0,1,0,0,1,0,0,1,0,0,0,1,0,0,0,0
73,0.0,0,0,0,0,0,1,1,0,0,1,0,1,0,1,0
74,3.0,1,0,0,1,0,0,0,1,0,0,1,0,0,0,0
79,0.0,1,0,0,1,0,0,0,0,1,0,0,1,0,0,0
83,0.0,0,1,0,0,0,0,1,0,0,1,0,1,0,1,0
84,0.0,0,1,0,1,0,0,1,0,0,0,0,0,0,0,0
86,0.0,0,1,0,0,0,0,0,0,0,0,0,0,1,0,1
87,0.0,0,1,0,0,0,0,0,1,0,0,0,0,1,1,0
90,0.0,0,0,1,1,0,0,0,1,0,1,0,1,0,1,0
91,2.0,0,1,0,1,0,0,1,0,0,1,0,0,1,0,0
93,0.0,0,0,1,0,1,0,0,0,0,0,1,0,0,1,0
94,0.0,0,1,0,0,0,0,0,0,0,0,0,0,0,0,1
95,0.0,0,0,1,0,0,0,0,1,0,1,0,1,0,0,0
98,0.0,1,0,0,0,1,0,0,0,0,0,0,0,1,0,1
99,0.0,0,1,0,0,0,0,0,0,0,0,0,0,0,0,0
100,0.0,0,0,0,0,1,0,0,0,0,0,0,1,0,0,1
101,0.0,0,0,1,1,0,0,1,0,0,1,0,0,1,0,1
102,1.0,0,0,1,0,1,0,1,0,0,1,0,0,0,0,0
104,0.0,0,0,1,0,0,0,0,0,1,0,1,1,0,0,0
105,0.0,0,0,0,1,0,0,0,1,0,0,0,0,1,1,0
106,0.0,1,0,0,0,1,0,1,0,0,0,0,0,1,0,0
109,0.0,1,0,0,0,0,1,0,0,1,0,0,0,1,0,0
111,2.0,1,0,0,0,1,0,0,1,0,1,0,0,1,0,0
112,0.0,1,0,0,0,1,0,0,0,0,0,0,0,0,0,0
115,0.0,0,0,1,0,0,0,0,1,0,0,1,0,1,1,0
116,0.0,0,0,1,0,0,0,0,1,0,0,1,0,0,0,1
120,2.0,1,0,0,1,0,0,0,0,0,1,0,0,1,0,0
121,1.0,0,0,1,1,0,0,1,0,0,0,1,0,0,0,1
123,0.0,0,0,1,0,0,0,1,0,0,1,0,1,0,1,0
125,0.0,0,1,0,0,0,1,1,0,0,1,0,1,0,1,0
126,2.0,1,0,0,1,0,0,1,0,0,1,0,0,1,0,0
127,0.0,0,0,0,0,0,1,0,1,0,0,1,0,0,1,0
128,2.0,0,1,0,1,0,0,0,0,1,1,0,0,0,0,1
129,0.0,1,0,0,1,0,0,0,1,0,0,0,1,0,0,0
130,1.0,0,0,0,1,0,0,1,0,0,0,1,0,0,0,1
134,0.0,1,0,0,0,0,1,0,1,0,1,0,1,0,1,0
135,0.0,1,0,0,0,1,0,0,1,0,0,0,0,1,0,0
136,0.0,1,0,0,1,0,0,1,0,0,1,0,0,1,1,0
137,0.0,0,1,0,0,0,0,0,0,0,0,1,1,0,1,0
138,1.0,1,0,0,0,0,1,0,1,0,0,1,1,0,0,1
139,1.0,0,1,0,0,0,0,0,0,0,0,1,0,0,0,0
143,1.0,0,1,0,0,0,0,0,0,1,0,1,0,0,0,1
144,0.0,1,0,0,0,1,0,0,0,1,0,0,1,0,1,0
145,0.0,0,0,0,0,0,0,1,0,0,0,0,0,0,0,0
146,0.0,0,0,0,1,0,0,0,0,1,0,0,0,1,0,0
147,0.0,1,0,0,0,0,1,0,0,1,1,0,0,1,0,1
149,1.0,0,0,1,1,0,0,0,1,0,0,1,1,0,0,1
150,0.0,0,0,0,0,0,1,0,0,0,0,1,0,1,1,0
151,0.0,1,0,0,0,0,0,0,0,0,1,0,0,0,1,0
153,1.0,0,1,0,0,0,0,0,0,0,1,0,0,1,0,0
154,1.0,0,1,0,0,0,1,0,1,0,0,1,0,0,0,1
155,0.0,1,0,0,0,0,1,0,0,1,0,0,0,0,0,0
157,0.0,0,1,0,1,0,0,1,0,0,0,0,1,0,1,0
158,3.0,0,1,0,0,1,0,0,0,1,1,0,1,0,0,0
160,0.0,0,1,0,1,0,0,0,0,1,0,0,0,1,1,0
163,0.0,0,0,1,1,0,0,0,0,0,0,0,0,0,0,1
164,0.0,0,0,1,0,0,0,0,0,1,0,0,1,0,0,1
166,1.0,1,0,0,0,0,1,0,1,0,0,1,0,0,0,0
167,0.0,0,0,0,0,0,0,0,0,1,0,0,0,0,0,1
168,0.0,0,0,1,0,0,1,0,0,1,1,0,0,0,0,0
169,1.0,0,1,0,0,0,1,0,0,1,1,0,1,0,0,0
172,0.0,0,0,0,0,1,0,0,1,0,1,0,1,0,1,0
173,0.0,0,0,1,0,0,0,0,1,0,0,0,1,0,1,0
174,1.0,0,0,0,0,1,0,0,0,0,0,1,1,0,0,0
176,2.0,1,0,0,1,0,0,1,0,0,0,1,0,1,0,0
179,0.0,1,0,0,0,1,0,0,0,0,0,0,1,0,1,0
180,0.0,0,0,1,1,0,0,0,1,0,0,0,0,0,0,1
181,1.0,1,0,0,0,0,1,0,0,1,0,1,0,0,0,0
188,0.0,0,0,0,1,0,0,0,0,1,0,0,1,0,0,1
189,0.0,0,1,0,0,0,1,1,0,0,0,0,0,1,0,1
190,3.0,1,0,0,1,0,0,0,1,0,0,1,1,0,0,0
193,0.0,0,0,1,0,0,1,1,0,0,1,0,0,1,0,0
197,0.0,0,1,0,0,0,1,0,1,0,1,0,0,0,1,0
199,0.0,0,1,0,0,0,0,0,1,0,0,1,0,1,0,1
200,0.0,0,0,0,1,0,0,0,0,0,1,0,0,1,0,1
201,1.0,0,0,0,0,0,0,0,0,0,1,0,0,1,0,0
203,2.0,1,0,0,0,1,0,0,0,0,1,0,1,0,0,0
206,0.0,0,0,0,0,0,1,0,1,0,0,1,0,0,0,0
207,0.0,1,0,0,1,0,0,0,1,0,0,0,1,0,0,1
208,0.0,0,0,1,0,0,0,0,1,0,0,1,1,0,0,1
209,0.0,1,0,0,1,0,0,0,0,1,0,0,1,0,1,0
212,0.0,1,0,0,0,0,0,1,0,0,1,0,0,0,1,0
213,0.0,0,1,0,0,0,0,0,1,0,1,0,0,1,1,0
214,0.0,0,0,1,1,0,0,0,0,1,0,0,0,0,0,1
216,0.0,0,0,1,0,0,1,0,1,0,0,1,1,0,1,0
221,0.0,0,0,1,0,0,0,0,1,0,1,0,1,0,0,1
222,3.0,1,0,0,1,0,0,1,0,0,1,0,0,0,0,0
225,0.0,0,1,0,0,0,1,0,1,0,1,0,0,1,1,0
226,1.0,0,1,0,0,0,1,1,0,0,0,1,1,0,0,0
228,0.0,0,0,1,0,0,1,1,0,0,0,0,0,1,1,0
230,0.0,0,1,0,1,0,0,1,0,0,0,0,0,1,1,0
232,1.0,0,0,0,0,1,0,0,1,0,0,1,0,0,0,0
234,0.0,0,0,1,1,0,0,1,0,0,0,0,1,0,0,0
235,0.0,0,1,0,0,0,0,0,0,1,0,0,0,0,0,0
236,1.0,1,0,0,0,0,0,0,1,0,0,1,0,1,0,1
237,1.0,0,1,0,0,0,0,0,1,0,0,1,0,0,0,1
238,1.0,1,0,0,0,0,0,0,1,0,0,1,0,0,0,1
242,1.0,0,0,1,1,0,0,0,0,1,0,1,0,1,0,0
244,0.0,0,0,1,0,0,0,1,0,0,0,1,0,1,0,1
246,2.0,0,1,0,1,0,0,0,1,0,1,0,0,1,0,0
248,0.0,1,0,0,0,0,1,0,0,0,0,1,0,1,0,0
250,1.0,1,0,0,0,1,0,1,0,0,0,1,0,1,0,1
255,0.0,0,1,0,0,0,1,0,0,0,1,0,0,1,0,1
256,1.0,0,1,0,0,0,0,0,1,0,1,0,0,1,0,0
257,0.0,0,1,0,0,1,0,0,0,1,0,1,1,0,1,0
264,0.0,1,0,0,0,0,0,0,1,0,0,0,0,1,0,0
266,1.0,1,0,0,0,0,0,0,1,0,1,0,0,1,0,0
272,0.0,0,0,0,0,1,0,0,0,1,1,0,0,1,0,1
273,0.0,0,0,0,1,0,0,0,0,0,0,0,0,0,0,0
274,0.0,0,0,1,0,0,1,0,0,0,0,0,1,0,0,1
275,0.0,0,0,0,0,0,0,1,0,0,0,0,0,1,0,0
277,0.0,0,0,0,0,0,1,1,0,0,0,0,0,0,0,1
280,1.0,0,0,0,0,1,0,0,0,1,1,0,0,1,0,0
281,1.0,1,0,0,0,1,0,0,1,0,0,1,0,1,0,1
282,0.0,0,0,0,0,0,1,0,1,0,0,0,0,1,1,0
284,0.0,0,1,0,0,0,1,0,1,0,1,0,0,1,0,1
286,1.0,0,0,1,1,0,0,0,1,0,1,0,0,0,0,0
287,1.0,0,0,0,1,0,0,1,0,0,1,0,0,0,0,1
288,1.0,1,0,0,0,0,0,0,1,0,1,0,0,1,0,1
290,0.0,0,0,1,0,0,0,0,0,0,1,0,1,0,1,0
291,0.0,0,0,0,0,1,0,0,0,1,0,1,1,0,1,0
292,0.0,0,1,0,0,1,0,0,0,1,1,0,0,0,1,0
293,0.0,0,1,0,0,1,0,0,1,0,0,0,1,0,0,1
296,0.0,0,1,0,0,0,1,0,1,0,0,0,0,0,0,0
297,0.0,1,0,0,0,0,0,0,0,0,0,0,1,0,0,1
301,0.0,0,0,1,0,0,0,0,0,1,0,1,0,1,0,0
304,0.0,1,0,0,0,0,0,0,0,0,1,0,0,1,1,0
305,0.0,0,0,1,1,0,0,0,0,0,1,0,1,0,1,0
306,0.0,0,0,1,1,0,0,1,0,0,1,0,0,0,1,0
307,1.0,0,0,1,0,1,0,0,1,0,0,1,0,0,0,1
314,0.0,1,0,0,1,0,0,1,0,0,0,0,0,0,1,0
316,0.0,0,0,0,0,1,0,1,0,0,0,0,1,0,1,0
318,0.0,0,0,1,0,0,0,0,0,1,1,0,1,0,1,0
321,0.0,0,0,0,0,0,0,1,0,0,1,0,0,1,1,0
323,0.0,0,0,1,0,1,0,1,0,0,0,0,0,0,0,0
324,0.0,0,0,0,0,0,1,1,0,0,0,1,1,0,0,1
325,1.0,0,1,0,0,1,0,1,0,0,1,0,0,0,0,1
327,2.0,1,0,0,0,1,0,1,0,0,1,0,0,1,0,0
329,0.0,0,1,0,0,1,0,0,1,0,0,1,0,0,1,0
331,0.0,0,0,0,0,0,1,1,0,0,0,1,0,0,0,0
332,0.0,0,1,0,0,0,1,1,0,0,1,0,0,0,1,0
334,0.0,0,0,0,0,0,1,1,0,0,0,0,0,0,1,0
335,0.0,0,1,0,1,0,0,0,1,0,0,0,0,0,0,1
336,0.0,0,0,1,1,0,0,0,0,0,0,0,0,0,0,0
337,0.0,0,1,0,0,0,1,1,0,0,0,0,0,1,0,0
339,0.0,1,0,0,0,0,1,1,0,0,0,1,0,1,1,0
340,1.0,0,1,0,0,0,0,1,0,0,0,1,1,0,0,0
341,0.0,0,1,0,0,0,1,0,0,0,1,0,1,0,1,0
343,1.0,0,1,0,0,0,1,0,0,0,1,0,0,0,0,0
344,0.0,0,0,0,0,1,0,1,0,0,0,1,1,0,1,0
345,0.0,1,0,0,0,0,0,0,1,0,0,1,1,0,1,0
346,0.0,1,0,0,1,0,0,1,0,0,0,0,0,0,0,1
348,1.0,0,0,0,0,0,0,0,1,0,1,0,0,0,0,0
350,1.0,0,0,0,0,0,0,0,0,1,1,0,1,0,0,1
352,2.0,1,0,0,1,0,0,0,0,0,0,1,1,0,0,0
355,3.0,1,0,0,0,0,0,0,1,0,0,1,1,0,0,0
357,1.0,0,0,0,1,0,0,0,1,0,0,1,1,0,0,0
365,3.0,1,0,0,0,0,0,0,0,1,1,0,0,0,0,0
366,0.0,0,1,0,0,0,1,0,0,0,1,0,0,1,1,0
368,0.0,0,1,0,0,0,0,0,0,0,0,0,1,0,0,0
369,0.0,0,0,1,0,0,1,0,0,0,0,1,1,0,0,1
370,0.0,1,0,0,0,0,1,0,0,1,0,1,0,0,1,0
373,1.0,1,0,0,0,0,0,0,0,1,1,0,0,0,0,1
375,0.0,1,0,0,0,1,0,0,1,0,0,0,1,0,1,0
377,0.0,0,0,1,0,1,0,1,0,0,0,0,0,0,1,0
380,0.0,0,0,1,1,0,0,0,1,0,0,0,1,0,0,1
382,0.0,1,0,0,0,0,1,0,0,1,0,0,0,0,1,0
383,1.0,1,0,0,1,0,0,1,0,0,0,1,0,1,0,1
385,1.0,0,1,0,0,0,1,0,0,1,0,1,1,0,0,0
387,1.0,0,0,0,0,0,0,1,0,0,1,0,1,0,0,0
388,0.0,0,0,0,0,1,0,0,0,1,0,0,1,0,1,0
389,0.0,0,0,0,1,0,0,0,1,0,0,1,0,1,0,1
392,0.0,0,0,1,0,0,0,0,1,0,1,0,0,0,0,0
394,0.0,0,1,0,0,0,1,1,0,0,0,1,1,0,1,0
396,1.0,0,1,0,0,0,0,0,1,0,1,0,0,0,0,1
398,1.0,1,0,0,0,0,0,0,0,1,0,1,1,0,0,1
400,0.0,0,0,0,0,0,1,0,0,1,0,0,1,0,0,1
403,1.0,0,0,0,0,1,0,0,0,0,1,0,0,1,0,0
404,0.0,0,0,0,0,0,1,0,1,0,0,1,0,1,0,1
407,0.0,1,0,0,0,0,1,0,1,0,0,0,0,1,1,0
409,0.0,0,0,0,0,1,0,0,1,0,0,0,1,0,1,0
413,0.0,0,1,0,0,1,0,1,0,0,0,0,1,0,0,1
415,1.0,0,1,0,0,0,0,0,1,0,0,1,1,0,0,1
417,0.0,1,0,0,0,0,1,0,0,0,1,0,1,0,1,0
419,0.0,1,0,0,0,0,0,0,0,0,0,0,0,1,0,1
421,0.0,0,0,1,0,0,0,0,0,1,0,1,1,0,0,1
423,0.0,0,1,0,0,0,0,0,0,1,1,0,0,0,1,0
424,0.0,0,0,1,0,0,0,0,0,1,0,1,0,0,1,0
428,0.0,1,0,0,0,1,0,0,1,0,0,1,0,1,1,0
429,1.0,0,0,0,1,0,0,0,1,0,0,1,0,0,0,1
430,0.0,0,0,0,0,0,1,0,1,0,0,1,0,0,0,1
433,0.0,0,0,1,0,0,1,0,0,1,0,0,0,0,1,0
437,0.0,0,1,0,0,0,1,1,0,0,0,1,0,0,1,0
441,1.0,1,0,0,0,0,1,0,1,0,0,1,0,0,0,1
444,3.0,1,0,0,0,1,0,0,1,0,1,0,1,0,0,0
447,0.0,0,0,1,0,0,0,0,1,0,0,1,0,1,0,1
448,0.0,0,1,0,0,0,0,0,0,1,0,0,0,1,0,0
449,0.0,0,1,0,0,1,0,0,1,0,1,0,0,1,1,0
450,1.0,1,0,0,0,0,0,0,0,1,0,1,0,1,0,1
451,1.0,0,0,0,1,0,0,0,1,0,1,0,0,0,0,0
454,3.0,0,1,0,0,1,0,0,1,0,0,1,1,0,0,0
455,0.0,0,0,1,0,1,0,0,1,0,0,0,0,0,1,0
457,0.0,0,0,0,0,0,0,1,0,0,0,1,0,1,1,0
460,0.0,1,0,0,0,0,1,0,0,0,1,0,0,1,1,0
462,2.0,0,1,0,1,0,0,0,0,0,1,0,0,1,0,0
463,0.0,0,1,0,0,0,0,0,1,0,0,0,1,0,1,0
468,0.0,0,0,1,1,0,0,0,0,1,0,0,0,0,1,0
469,2.0,1,0,0,1,0,0,0,1,0,1,0,0,1,0,0
470,1.0,1,0,0,0,0,1,0,1,0,1,0,0,1,0,0
478,0.0,0,0,0,0,0,1,0,0,1,1,0,1,0,0,1
480,1.0,1,0,0,0,0,0,1,0,0,1,0,1,0,0,0
484,3.0,1,0,0,1,0,0,0,0,0,0,1,0,0,0,0
485,1.0,0,0,1,1,0,0,0,1,0,1,0,0,0,0,1
488,0.0,0,1,0,1,0,0,1,0,0,1,0,1,0,1,0
490,0.0,0,1,0,0,0,1,0,0,1,0,1,0,0,1,0
492,0.0,1,0,0,0,0,1,0,0,1,0,1,0,1,0,1
495,0.0,0,0,0,1,0,0,0,0,1,1,0,0,1,0,1
496,1.0,0,0,0,0,1,0,0,0,0,1,0,0,0,0,0
497,1.0,0,0,1,1,0,0,1,0,0,0,1,1,0,0,0
498,0.0,0,0,0,0,0,1,1,0,0,0,0,0,1,0,1
499,0.0,0,1,0,0,1,0,0,0,1,1,0,0,1,1,0
502,0.0,0,0,1,0,0,1,0,1,0,0,1,0,0,0,0
504,0.0,0,0,1,1,0,0,0,0,1,0,0,1,0,0,0
508,1.0,0,0,0,1,0,0,0,0,1,1,0,0,0,0,0
509,1.0,0,0,0,0,0,0,0,0,0,1,0,1,0,0,0
510,0.0,1,0,0,1,0,0,1,0,0,0,1,0,0,1,0
514,0.0,0,1,0,0,0,1,0,0,0,0,0,0,1,0,0
515,0.0,0,1,0,0,0,0,0,1,0,0,0,0,1,0,0
521,0.0,0,1,0,0,0,1,0,0,1,0,1,1,0,1,0
523,1.0,0,0,1,0,1,0,0,0,0,1,0,0,1,0,0
525,1.0,0,1,0,0,1,0,0,0,0,1,0,0,0,0,1
531,2.0,0,1,0,1,0,0,1,0,0,0,1,1,0,0,1
534,0.0,0,0,0,1,0,0,1,0,0,1,0,1,0,0,1
537,0.0,0,0,1,0,0,1,0,0,1,0,1,0,1,0,0
541,0.0,0,0,0,0,0,1,0,0,1,0,0,0,1,0,0
543,0.0,0,0,0,0,1,0,1,0,0,1,0,0,0,1,0
544,1.0,0,1,0,0,0,1,0,0,0,0,1,1,0,0,0
545,0.0,0,1,0,0,0,0,1,0,0,0,1,0,1,1,0
547,2.0,0,1,0,1,0,0,0,0,1,1,0,1,0,0,1
550,0.0,0,0,0,1,0,0,0,0,0,0,1,1,0,0,1
551,0.0,0,0,1,0,0,0,1,0,0,1,0,0,0,1,0
552,1.0,0,1,0,0,1,0,0,1,0,0,1,0,1,0,0
555,0.0,0,0,0,0,0,1,0,0,1,1,0,0,1,0,1
556,0.0,1,0,0,0,0,0,0,1,0,1,0,0,1,1,0
559,0.0,0,0,1,0,1,0,1,0,0,1,0,1,0,1,0
560,1.0,1,0,0,1,0,0,0,1,0,0,1,0,1,0,1
561,0.0,1,0,0,0,0,0,1,0,0,0,0,0,0,0,1
562,1.0,0,1,0,0,0,1,0,1,0,0,1,0,0,0,0
566,2.0,1,0,0,1,0,0,0,1,0,1,0,0,0,0,1
571,0.0,0,0,0,0,0,0,0,1,0,1,0,0,0,1,0
573,1.0,1,0,0,0,0,0,1,0,0,1,0,0,1,0,0
577,0.0,0,0,1,0,0,1,0,1,0,0,0,1,0,0,1
584,0.0,0,0,0,1,0,0,0,0,0,1,0,0,1,1,0
585,1.0,0,1,0,0,0,1,0,0,0,1,0,0,0,0,1
586,3.0,1,0,0,1,0,0,0,0,1,0,1,1,0,0,0
588,0.0,1,0,0,0,0,1,0,0,0,0,0,0,0,0,0
591,0.0,1,0,0,1,0,0,0,0,0,0,1,0,0,1,0
592,1.0,0,0,1,1,0,0,0,0,1,0,1,0,0,0,0
594,0.0,0,0,1,0,1,0,0,0,1,0,0,1,0,1,0
595,0.0,0,0,1,0,0,0,1,0,0,0,0,0,0,1,0
596,0.0,0,0,0,0,1,0,0,1,0,0,1,1,0,1,0
598,0.0,0,0,1,0,1,0,1,0,0,1,0,0,1,1,0
599,0.0,0,0,1,0,0,1,1,0,0,0,0,0,0,0,0
600,0.0,0,0,0,0,1,0,0,0,0,0,1,1,0,0,1
603,0.0,1,0,0,0,0,1,1,0,0,0,1,1,0,1,0
604,0.0,0,0,0,0,0,0,0,0,1,0,1,0,0,1,0
605,0.0,0,0,1,1,0,0,1,0,0,1,0,0,1,1,0
606,1.0,0,0,0,0,1,0,0,0,1,0,1,0,0,0,0
607,0.0,1,0,0,1,0,0,0,1,0,0,1,0,0,1,0
611,0.0,0,0,0,1,0,0,1,0,0,0,1,0,0,1,0
612,0.0,0,0,0,1,0,0,0,0,1,0,0,1,0,0,0
614,0.0,0,0,0,1,0,0,0,0,1,1,0,0,0,1,0
617,0.0,0,0,0,0,1,0,0,0,1,1,0,1,0,1,0
622,0.0,0,0,1,0,0,0,0,0,1,1,0,0,1,0,1
623,1.0,0,1,0,0,0,1,0,1,0,1,0,1,0,0,1
624,3.0,1,0,0,0,1,0,0,0,1,1,0,0,0,0,0
625,1.0,0,0,1,0,1,0,1,0,0,1,0,0,0,0,1
626,3.0,0,1,0,0,1,0,0,0,1,1,0,0,0,0,0
627,0.0,0,0,1,0,0,1,1,0,0,0,0,0,1,0,1
628,0.0,0,0,1,0,0,0,0,0,1,1,0,0,0,0,1
630,0.0,1,0,0,0,1,0,0,0,1,0,0,1,0,0,1
631,1.0,1,0,0,0,0,1,0,0,0,1,0,0,1,0,0
633,1.0,0,0,1,1,0,0,0,1,0,1,0,0,1,0,0
635,0.0,0,0,1,0,1,0,0,1,0,0,0,0,1,0,0
636,1.0,0,1,0,0,0,1,1,0,0,0,1,1,0,0,1
637,0.0,1,0,0,0,1,0,0,0,0,0,0,0,0,1,0
639,0.0,0,1,0,1,0,0,0,0,0,0,1,0,1,1,0
640,0.0,0,0,1,1,0,0,0,0,0,0,1,0,0,1,0
643,0.0,0,0,1,0,1,0,0,1,0,0,1,0,0,1,0
645,0.0,0,0,0,0,0,1,1,0,0,0,1,0,1,1,0
647,0.0,0,0,1,0,0,1,0,0,0,0,1,0,0,1,0
650,0.0,1,0,0,1,0,0,0,0,1,0,1,0,1,1,0
653,1.0,0,0,1,1,0,0,1,0,0,0,1,0,1,0,0
659,0.0,1,0,0,1,0,0,1,0,0,1,0,0,0,1,0
660,0.0,0,1,0,0,1,0,1,0,0,0,0,1,0,0,0
662,0.0,0,1,0,0,1,0,1,0,0,0,0,0,0,0,0
663,2.0,1,0,0,1,0,0,0,1,0,0,1,1,0,0,1
664,0.0,0,1,0,0,1,0,0,1,0,0,0,0,0,1,0
669,0.0,0,0,0,0,0,1,0,0,0,1,0,1,0,0,0
671,0.0,0,1,0,0,0,1,0,0,0,0,1,1,0,1,0
673,0.0,0,0,0,0,1,0,1,0,0,1,0,0,1,0,1
675,1.0,1,0,0,0,0,1,0,1,0,1,0,1,0,0,1
677,0.0,0,0,0,0,0,1,0,1,0,0,1,1,0,0,0
680,1.0,0,0,0,1,0,0,0,1,0,0,1,0,0,0,0
681,0.0,0,0,1,0,0,0,0,1,0,0,0,0,0,0,0
683,0.0,0,0,1,0,1,0,0,0,0,0,1,1,0,0,1
684,0.0,0,0,0,0,0,0,1,0,0,0,1,0,0,1,0
690,2.0,1,0,0,0,1,0,0,1,0,0,1,0,0,0,1
691,1.0,0,1,0,0,1,0,1,0,0,0,1,1,0,0,1
694,0.0,0,0,1,0,0,0,0,0,0,0,0,1,0,0,0
696,0.0,0,0,0,0,0,1,0,0,0,0,0,0,1,0,0
697,1.0,1,0,0,0,0,1,0,1,0,1,0,0,0,0,0
698,0.0,0,0,1,0,0,1,0,0,1,0,0,0,1,0,0
699,1.0,0,1,0,0,1,0,0,0,1,0,1,0,0,0,1
700,0.0,0,1,0,0,1,0,1,0,0,1,0,1,0,1,0
701,0.0,0,0,0,0,1,0,0,1,0,0,0,0,0,0,1
702,1.0,0,0,0,1,0,0,0,0,1,0,1,0,0,0,1
705,0.0,0,0,0,0,1,0,0,0,0,0,0,1,0,1,0
707,0.0,0,0,1,0,1,0,0,1,0,0,1,0,1,1,0
709,1.0,0,0,0,0,0,0,0,1,0,0,1,0,0,0,1
710,1.0,1,0,0,0,0,1,1,0,0,0,1,1,0,0,0
714,1.0,0,1,0,0,0,0,1,0,0,1,0,1,0,0,0
715,0.0,0,0,1,0,0,0,1,0,0,0,1,0,0,1,0
718,0.0,0,0,0,0,0,1,0,0,0,1,0,1,0,0,1
719,0.0,0,1,0,0,1,0,0,0,0,0,0,0,0,1,0
721,0.0,0,0,0,0,0,0,1,0,0,0,0,0,1,0,1
727,1.0,0,0,1,0,1,0,0,1,0,0,1,1,0,0,1
730,1.0,0,1,0,0,0,0,0,1,0,0,1,0,0,0,0
732,0.0,0,1,0,0,1,0,1,0,0,0,0,0,0,1,0
734,0.0,0,0,0,0,0,0,0,1,0,0,0,0,0,0,0
735,1.0,0,0,0,0,0,0,1,0,0,1,0,0,0,0,1
736,1.0,0,0,1,1,0,0,1,0,0,1,0,0,0,0,1
738,0.0,1,0,0,0,0,0,1,0,0,0,1,0,0,1,0
739,3.0,1,0,0,0,0,0,1,0,0,1,0,0,0,0,0
741,0.0,0,1,0,0,1,0,0,0,0,0,0,0,0,0,1
742,1.0,0,1,0,0,0,1,0,0,1,0,1,0,0,0,0
747,0.0,0,0,1,0,0,1,1,0,0,0,1,0,1,1,0
749,0.0,0,0,0,1,0,0,0,0,1,0,0,0,0,0,0
750,0.0,0,0,1,1,0,0,0,0,1,1,0,1,0,1,0
753,0.0,0,0,1,0,0,1,1,0,0,0,0,1,0,0,0
754,0.0,0,1,0,0,0,0,0,0,1,0,0,0,0,1,0
755,0.0,0,1,0,0,0,1,0,1,0,0,0,1,0,0,0
756,0.0,0,0,0,0,0,1,0,1,0,1,0,0,0,0,0
758,0.0,0,0,0,0,0,1,0,0,0,0,1,1,0,0,1
763,1.0,0,0,1,0,1,0,0,0,0,0,1,1,0,0,0
764,0.0,0,0,0,1,0,0,1,0,0,0,0,0,1,0,1
765,0.0,0,1,0,0,0,1,0,1,0,0,0,1,0,1,0
766,0.0,0,0,1,0,0,0,0,0,0,0,1,0,1,0,0
767,0.0,0,0,0,1,0,0,0,1,0,0,1,0,1,1,0
770,0.0,0,1,0,0,1,0,0,0,1,0,0,0,1,0,0
772,1.0,0,1,0,1,0,0,1,0,0,1,0,0,1,0,1
773,1.0,0,1,0,0,0,0,1,0,0,0,1,0,0,0,1
774,0.0,0,0,0,0,0,1,0,0,1,1,0,0,0,1,0
777,0.0,1,0,0,0,1,0,1,0,0,0,1,0,0,1,0
778,1.0,0,1,0,0,0,0,0,1,0,1,0,1,0,0,1
779,0.0,0,1,0,0,1,0,1,0,0,1,0,0,1,1,0
780,0.0,0,0,1,0,1,0,0,1,0,0,0,1,0,1,0
782,0.0,0,0,0,0,0,0,0,0,0,0,0,0,1,1,0
786,1.0,0,0,0,0,0,0,0,0,0,0,1,0,0,0,0
787,0.0,0,0,0,0,0,1,1,0,0,0,0,1,0,0,0
790,0.0,0,0,0,0,0,1,0,0,0,0,1,0,1,0,1
791,0.0,0,0,1,0,0,0,1,0,0,0,0,1,0,0,0
797,0.0,0,1,0,0,0,0,0,1,0,0,0,0,0,0,0
798,0.0,1,0,0,0,0,0,0,0,0,0,1,0,1,1,0
800,0.0,0,0,0,0,0,1,0,0,1,0,1,0,1,0,0
802,3.0,1,0,0,0,1,0,0,0,0,0,1,0,0,0,0
803,0.0,0,0,1,0,0,1,0,0,0,1,0,1,0,1,0
804,1.0,0,1,0,0,0,1,0,0,1,1,0,0,0,0,1
806,0.0,0,0,1,0,0,1,1,0,0,1,0,0,1,0,1
807,0.0,0,0,1,1,0,0,1,0,0,0,1,0,1,0,1
809,0.0,0,1,0,0,1,0,0,0,1,0,0,0,0,1,0
812,3.0,0,1,0,1,0,0,0,0,0,0,1,0,0,0,0
815,0.0,0,0,0,0,1,0,0,1,0,1,0,0,0,1,0
816,3.0,0,1,0,1,0,0,0,1,0,0,1,0,0,0,0
819,1.0,0,1,0,1,0,0,1,0,0,0,1,0,1,0,1
821,0.0,0,1,0,0,0,0,1,0,0,0,0,0,1,0,0
822,1.0,0,0,1,1,0,0,1,0,0,1,0,0,1,0,0
824,0.0,0,1,0,0,1,0,0,0,1,0,0,1,0,0,1
827,3.0,0,1,0,1,0,0,0,1,0,1,0,0,0,0,0
830,1.0,1,0,0,1,0,0,0,1,0,1,0,0,1,0,1
832,0.0,0,0,0,0,0,0,0,0,0,0,0,0,0,1,0
833,0.0,0,1,0,0,0,1,0,0,0,0,0,1,0,0,0
834,1.0,0,0,1,1,0,0,0,0,0,1,0,0,0,0,1
835,1.0,0,1,0,0,1,0,0,0,0,0,1,1,0,0,1
836,0.0,1,0,0,0,1,0,1,0,0,0,0,0,1,0,1
837,0.0,0,0,1,0,0,1,1,0,0,1,0,0,0,1,0
839,1.0,1,0,0,0,1,0,0,0,1,0,1,0,1,0,1
842,0.0,0,0,0,0,0,0,0,0,1,0,0,0,0,1,0
843,0.0,0,0,0,0,1,0,0,0,1,0,0,1,0,0,0
845,0.0,0,0,1,0,1,0,0,0,1,0,0,0,0,0,0
846,1.0,0,1,0,0,1,0,1,0,0,1,0,1,0,0,0
848,0.0,0,0,0,0,1,0,0,0,0,0,0,0,1,0,0
849,2.0,1,0,0,1,0,0,1,0,0,1,0,0,0,0,1
850,0.0,0,0,1,0,0,1,0,0,1,0,0,1,0,0,1
851,0.0,0,1,0,1,0,0,0,0,1,0,0,0,1,0,1
852,0.0,0,0,0,0,0,1,0,0,0,1,0,0,1,1,0
854,0.0,0,0,0,1,0,0,0,0,0,0,0,0,1,0,0
855,0.0,0,0,1,0,0,1,0,0,1,1,0,0,1,1,0
856,0.0,1,0,0,0,0,1,0,1,0,0,0,0,0,1,0
857,1.0,0,0,1,0,1,0,0,0,1,1,0,1,0,0,1
859,0.0,0,0,0,1,0,0,0,0,0,0,1,1,0,1,0
860,0.0,1,0,0,0,0,0,1,0,0,0,0,1,0,1,0
864,3.0,1,0,0,0,1,0,0,1,0,0,1,1,0,0,0
865,1.0,1,0,0,0,0,1,1,0,0,1,0,0,1,0,0
866,1.0,0,0,0,0,0,0,1,0,0,1,0,0,1,0,0
867,0.0,0,1,0,0,0,0,0,1,0,0,1,0,0,1,0
868,0.0,0,0,0,0,0,0,0,0,0,0,0,1,0,1,0
869,1.0,0,0,0,0,1,0,1,0,0,0,1,1,0,0,0
870,1.0,0,1,0,0,0,0,1,0,0,1,0,0,1,0,0
872,0.0,1,0,0,0,0,1,0,1,0,0,0,1,0,0,1
873,0.0,0,0,0,0,0,0,0,1,0,0,1,0,1,1,0
874,0.0,0,0,0,0,0,0,1,0,0,1,0,1,0,1,0
875,0.0,0,1,0,0,0,0,0,1,0,0,0,1,0,0,1
876,0.0,0,1,0,0,1,0,1,0,0,0,0,0,1,1,0
877,0.0,0,0,0,1,0,0,0,0,1,1,0,0,1,1,0
880,1.0,0,0,0,1,0,0,0,1,0,0,1,1,0,0,1
882,1.0,0,1,0,0,0,0,0,1,0,0,1,1,0,0,0
885,0.0,0,0,1,0,0,0,0,0,1,1,0,1,0,0,1
886,0.0,0,0,1,0,0,0,1,0,0,1,0,0,1,0,0
888,0.0,0,0,1,0,0,1,1,0,0,0,0,0,0,1,0
889,0.0,1,0,0,0,0,0,0,0,1,0,1,0,1,1,0
890,0.0,0,1,0,1,0,0,0,1,0,0,0,0,0,1,0
894,0.0,0,1,0,1,0,0,0,0,1,0,0,1,0,0,0
900,0.0,0,0,0,0,1,0,0,0,0,0,1,0,1,0,0
901,0.0,0,0,1,0,0,0,0,0,1,1,0,0,1,1,0
902,2.0,1,0,0,0,1,0,0,0,1,0,1,0,1,0,0
903,2.0,1,0,0,1,0,0,1,0,0,0,1,1,0,0,1
908,0.0,0,0,1,0,0,1,0,0,0,1,0,1,0,0,0
909,0.0,1,0,0,0,0,0,0,0,1,0,1,0,0,1,0
910,0.0,0,0,1,1,0,0,1,0,0,1,0,1,0,1,0
912,1.0,0,0,0,0,0,0,1,0,0,0,1,1,0,0,1
915,1.0,1,0,0,0,0,1,1,0,0,0,1,0,0,0,1
917,1.0,1,0,0,0,0,0,0,1,0,0,1,1,0,0,1
919,0.0,0,0,0,0,0,1,0,1,0,0,1,0,1,1,0
920,0.0,0,1,0,1,0,0,0,0,0,1,0,0,1,1,0
922,1.0,1,0,0,0,1,0,0,0,1,1,0,0,1,0,1
925,1.0,0,1,0,0,0,1,0,0,1,1,0,0,0,0,0
926,0.0,0,0,1,0,0,1,0,0,1,0,0,0,1,0,1
928,0.0,0,0,0,0,1,0,0,0,0,0,0,0,0,0,1
929,0.0,0,0,1,0,0,0,0,0,1,0,1,1,0,1,0
931,0.0,0,1,0,0,0,0,1,0,0,1,0,1,0,0,1
932,0.0,0,0,1,0,0,0,0,0,0,0,1,0,1,0,1
939,0.0,0,0,0,1,0,0,0,1,0,1,0,1,0,1,0
941,1.0,0,0,0,1,0,0,0,0,1,1,0,0,0,0,1
945,0.0,0,0,1,0,0,0,0,0,0,1,0,0,0,0,1
947,0.0,0,0,1,0,0,1,0,1,0,1,0,1,0,0,1
949,0.0,0,1,0,0,0,1,0,0,0,0,0,0,1,1,0
950,0.0,0,1,0,1,0,0,0,1,0,1,0,0,0,1,0
951,1.0,0,1,0,1,0,0,0,0,0,0,1,1,0,0,1
952,0.0,1,0,0,1,0,0,0,1,0,0,0,0,0,0,1
953,0.0,1,0,0,0,0,1,0,0,1,1,0,0,0,1,0
954,0.0,0,0,0,0,1,0,0,1,0,1,0,0,1,0,1
956,1.0,0,0,0,0,1,0,0,0,0,1,0,0,0,0,1
959,0.0,0,0,1,1,0,0,0,1,0,0,0,0,0,0,0
964,0.0,1,0,0,0,0,1,0,1,0,0,0,0,0,0,0
965,0.0,1,0,0,0,0,1,1,0,0,0,0,0,1,0,1
967,0.0,0,0,1,0,0,0,0,0,0,1,0,0,0,1,0
968,0.0,0,0,0,0,0,0,1,0,0,0,1,1,0,1,0
972,2.0,0,1,0,1,0,0,0,1,0,0,1,1,0,0,1
973,0.0,1,0,0,0,0,1,0,0,1,1,0,1,0,1,0
975,1.0,0,0,0,0,0,0,0,1,0,1,0,0,0,0,1
976,0.0,0,0,0,0,1,0,0,1,0,0,1,0,1,0,1
978,0.0,0,0,0,0,0,1,0,0,1,0,1,0,1,0,1
983,0.0,0,0,0,0,0,0,0,0,0,0,0,0,1,0,1
990,0.0,0,0,0,1,0,0,1,0,0,1,0,1,0,1,0
998,2.0,1,0,0,0,1,0,0,1,0,1,0,1,0,0,1
999,0.0,0,0,0,0,1,0,0,0,1,0,0,0,1,0,0
1002,0.0,0,0,1,0,0,0,0,0,0,1,0,0,0,0,0
1004,0.0,0,0,1,0,1,0,0,0,0,0,0,0,1,1,0
1006,0.0,0,0,1,0,0,0,0,0,1,0,1,0,0,0,0
1007,0.0,0,0,0,1,0,0,0,0,0,0,0,1,0,0,0
1008,0.0,0,0,1,0,0,1,0,0,1,0,1,0,1,0,1
1009,0.0,0,0,0,0,0,1,0,0,0,1,0,0,1,0,1
1011,0.0,0,1,0,1,0,0,0,0,1,0,1,0,1,1,0
1012,0.0,0,0,1,0,0,0,0,0,0,0,1,1,0,0,1
1016,1.0,0,1,0,0,0,1,1,0,0,0,1,0,0,0,1
1019,0.0,0,0,1,0,0,1,0,0,1,0,0,0,0,0,0
1020,0.0,0,0,1,0,0,0,0,1,0,0,0,0,1,0,0
1022,0.0,0,0,0,1,0,0,0,0,0,0,1,0,1,1,0
1023,0.0,0,0,0,0,0,1,0,1,0,1,0,1,0,0,0
1028,1.0,1,0,0,0,0,1,0,1,0,1,0,1,0,0,0
1030,0.0,1,0,0,0,1,0,0,1,0,0,1,1,0,1,0
1032,0.0,0,1,0,0,0,0,0,0,1,0,0,0,1,1,0
1033,0.0,1,0,0,0,1,0,0,0,0,0,1,0,1,0,0
1035,0.0,1,0,0,0,0,0,0,1,0,0,0,0,1,0,1
1037,0.0,0,0,0,0,0,0,0,0,0,0,1,0,0,1,0
1039,0.0,1,0,0,0,1,0,0,0,0,0,0,1,0,0,1
1040,0.0,0,0,0,1,0,0,0,1,0,0,1,0,0,1,0
1041,0.0,0,1,0,0,0,1,0,0,1,0,0,0,0,0,0
1042,1.0,1,0,0,0,0,0,0,1,0,1,0,1,0,0,1
1043,0.0,0,1,0,0,0,0,0,1,0,0,0,0,0,0,1
1046,0.0,0,1,0,0,0,1,1,0,0,1,0,0,1,1,0
1048,0.0,0,0,0,0,1,0,0,0,0,0,0,0,0,1,0
1051,0.0,0,0,1,1,0,0,0,0,0,0,0,0,0,1,0
1052,0.0,0,0,0,0,1,0,0,0,0,0,1,0,0,1,0
1053,0.0,0,0,1,0,0,1,0,0,1,0,0,1,0,1,0
1059,0.0,1,0,0,0,1,0,0,0,0,0,0,0,1,1,0
1060,3.0,1,0,0,1,0,0,1,0,0,0,1,1,0,0,0
1065,0.0,0,0,1,1,0,0,1,0,0,0,0,0,1,0,1
1066,0.0,0,0,1,0,0,0,1,0,0,1,0,0,1,1,0
1067,0.0,0,1,0,0,0,1,0,0,1,1,0,0,1,1,0
1068,0.0,0,1,0,1,0,0,0,0,0,0,1,0,1,0,0
1071,1.0,1,0,0,0,0,1,1,0,0,1,0,0,0,0,0
1072,0.0,0,0,0,0,0,0,0,0,0,0,0,0,0,0,0
1075,1.0,0,1,0,0,1,0,1,0,0,0,1,0,1,0,1
1077,0.0,1,0,0,0,0,0,0,0,1,0,0,0,1,0,1
1078,0.0,0,0,0,0,0,0,0,0,0,0,1,1,0,1,0
1079,0.0,1,0,0,1,0,0,0,0,1,0,1,1,0,1,0
1080,0.0,1,0,0,0,0,0,0,1,0,0,0,0,1,1,0
1082,0.0,1,0,0,0,0,1,0,1,0,0,0,0,1,0,1
1083,0.0,0,0,1,0,0,1,0,0,0,1,0,0,1,0,1
1084,0.0,0,0,1,0,0,0,1,0,0,1,0,1,0,0,1
1085,0.0,0,0,1,0,0,0,0,1,0,0,1,1,0,1,0
1090,0.0,0,0,0,0,0,1,0,0,1,0,1,1,0,0,0
1092,0.0,0,0,0,0,1,0,1,0,0,0,0,0,0,0,0
1094,0.0,0,1,0,0,0,0,0,1,0,1,0,0,1,0,1
1098,1.0,1,0,0,0,0,0,0,0,0,1,0,1,0,0,1
1100,0.0,0,1,0,0,0,0,1,0,0,0,0,1,0,1,0
1102,0.0,0,0,1,0,1,0,0,1,0,0,0,0,0,0,0
1103,0.0,0,0,0,0,1,0,1,0,0,1,0,1,0,1,0
1104,0.0,0,1,0,0,1,0,0,0,0,1,0,0,1,1,0
1106,0.0,0,0,1,0,0,1,1,0,0,0,1,0,0,1,0
1107,0.0,0,0,0,1,0,0,0,0,1,0,0,0,1,0,1
1111,1.0,0,0,1,0,1,0,0,1,0,0,1,0,1,0,0
1112,0.0,1,0,0,1,0,0,0,0,0,1,0,0,0,1,0
1113,1.0,1,0,0,0,0,0,0,0,0,0,1,1,0,0,0
1117,0.0,0,1,0,0,0,1,0,1,0,0,0,0,1,0,1
1118,3.0,0,1,0,1,0,0,1,0,0,1,0,0,0,0,0
1119,0.0,0,0,1,0,1,0,0,0,0,1,0,0,1,0,1
1120,0.0,0,1,0,0,1,0,1,0,0,0,0,0,0,0,1
1126,0.0,0,1,0,0,0,0,1,0,0,0,0,0,0,0,0
1130,0.0,1,0,0,0,1,0,0,0,1,0,1,1,0,1,0
1131,0.0,0,0,1,1,0,0,0,0,1,0,1,1,0,1,0
1133,0.0,0,1,0,0,1,0,0,0,1,0,0,0,1,0,1
1134,0.0,0,1,0,0,0,1,0,0,1,0,1,0,1,0,1
1135,0.0,0,0,1,0,0,0,1,0,0,0,0,0,1,0,1
1138,0.0,1,0,0,0,0,1,0,1,0,0,1,0,1,0,1
1139,0.0,0,1,0,0,0,1,1,0,0,0,0,0,0,1,0
1141,0.0,0,0,1,0,0,1,0,1,0,0,0,0,0,0,1
1142,0.0,0,0,1,0,1,0,0,0,1,1,0,0,1,1,0
1143,0.0,1,0,0,0,0,1,0,0,0,0,0,0,0,0,1
1144,0.0,0,1,0,1,0,0,0,1,0,0,1,1,0,1,0
1151,0.0,0,1,0,0,0,0,0,0,1,0,1,0,0,1,0
1152,0.0,0,0,1,1,0,0,0,1,0,0,1,1,0,1,0
1153,0.0,0,0,1,0,0,1,1,0,0,1,0,1,0,0,1
1155,0.0,0,1,0,0,0,1,0,1,0,0,1,1,0,1,0
1156,0.0,1,0,0,0,0,0,0,0,0,0,0,0,1,1,0
1157,0.0,0,0,1,0,1,0,0,0,1,0,0,1,0,0,1
1159,1.0,0,0,1,0,1,0,1,0,0,0,1,0,0,0,1
1160,0.0,0,0,1,0,0,0,0,1,0,1,0,0,1,0,0
1162,0.0,0,1,0,0,0,0,1,0,0,0,0,0,1,1,0
1163,0.0,0,1,0,0,0,0,0,0,0,0,1,0,1,0,1
1164,0.0,1,0,0,0,0,0,0,0,0,0,1,0,1,0,1
1167,0.0,0,0,0,1,0,0,0,1,0,0,1,1,0,1,0
1168,0.0,0,0,0,0,0,0,1,0,0,0,0,0,0,0,1
1171,1.0,0,1,0,0,0,0,1,0,0,1,0,0,0,0,0
1172,0.0,0,1,0,1,0,0,1,0,0,0,0,0,1,0,0
1173,3.0,0,1,0,0,1,0,0,1,0,0,1,0,0,0,0
1174,3.0,0,1,0,0,1,0,1,0,0,0,1,1,0,0,0
1176,1.0,0,0,1,1,0,0,0,0,1,1,0,1,0,0,1
1181,0.0,0,0,1,0,0,0,0,1,0,0,1,1,0,0,0
1185,0.0,0,1,0,0,0,1,0,0,1,0,0,0,1,0,1
1186,0.0,0,0,0,0,0,0,0,1,0,1,0,1,0,1,0
1190,0.0,0,1,0,0,0,1,0,0,1,1,0,1,0,1,0
1196,1.0,1,0,0,1,0,0,0,0,1,0,1,0,1,0,1
1198,1.0,1,0,0,0,0,0,0,0,1,0,1,0,1,0,0
1201,0.0,0,0,0,0,1,0,0,0,0,0,0,1,0,0,0
1202,0.0,0,0,0,0,0,0,0,1,0,1,0,0,1,1,0
1203,1.0,0,1,0,0,0,1,0,0,0,0,1,0,0,0,1
1204,0.0,1,0,0,0,0,0,0,1,0,0,0,1,0,1,0
1206,0.0,1,0,0,0,0,1,1,0,0,1,0,0,0,1,0
1207,0.0,0,1,0,1,0,0,0,0,0,0,0,1,0,0,1
1208,1.0,1,0,0,1,0,0,0,0,0,1,0,1,0,0,1
1209,0.0,0,0,0,0,0,0,0,0,0,0,0,0,0,0,1
1215,0.0,1,0,0,0,0,0,0,0,0,0,0,0,0,0,0
1216,0.0,0,0,0,0,0,0,0,0,1,0,1,0,1,1,0
1219,0.0,0,0,1,0,1,0,0,1,0,0,0,1,0,0,1
1220,1.0,0,0,0,0,1,0,0,0,0,1,0,1,0,0,0
1221,0.0,1,0,0,0,1,0,0,1,0,1,0,1,0,1,0
1224,1.0,0,0,0,1,0,0,0,0,0,0,1,1,0,0,0
1225,0.0,1,0,0,1,0,0,1,0,0,0,0,0,1,0,1
1226,1.0,0,0,0,1,0,0,0,1,0,1,0,1,0,0,1
1231,0.0,0,0,1,0,0,1,0,0,1,0,1,0,0,1,0
1232,0.0,1,0,0,0,0,0,0,0,1,1,0,0,0,1,0
1233,0.0,0,0,1,0,0,1,1,0,0,1,0,1,0,0,0
1234,0.0,1,0,0,0,0,0,1,0,0,0,0,1,0,0,0
1236,0.0,0,0,1,0,0,1,0,1,0,0,0,0,1,0,0
1237,0.0,0,0,0,0,0,1,0,1,0,0,1,0,1,0,0
1241,0.0,0,0,1,1,0,0,0,0,0,0,0,1,0,1,0
1242,1.0,0,0,0,1,0,0,0,0,0,1,0,0,0,0,0
1243,0.0,0,0,0,0,0,1,0,0,0,0,1,1,0,0,0
1249,0.0,0,0,0,1,0,0,0,0,0,1,0,1,0,1,0
1250,0.0,0,0,0,1,0,0,0,0,0,1,0,0,0,1,0
1251,0.0,0,1,0,0,0,0,0,0,1,0,0,0,1,0,1
1252,1.0,0,1,0,0,0,1,0,1,0,0,1,1,0,0,0
1253,0.0,1,0,0,0,0,1,0,0,1,0,0,0,1,1,0
1255,0.0,1,0,0,0,0,1,0,0,1,0,1,1,0,1,0
1263,2.0,1,0,0,0,1,0,1,0,0,1,0,0,0,0,1
1264,0.0,0,0,1,0,0,1,1,0,0,1,0,0,0,0,0
1272,0.0,0,0,1,0,0,1,0,0,1,0,1,1,0,0,0
1274,0.0,1,0,0,0,0,0,1,0,0,0,0,0,1,1,0
1275,0.0,0,0,0,0,1,0,0,1,0,0,0,0,1,0,0
1278,0.0,0,1,0,1,0,0,0,0,0,0,0,0,1,1,0
1281,1.0,0,1,0,0,0,1,1,0,0,1,0,0,0,0,1
1283,0.0,1,0,0,0,0,1,1,0,0,0,1,0,1,0,1
1284,1.0,0,1,0,0,0,1,0,0,0,1,0,1,0,0,0
1288,1.0,0,0,0,0,1,0,1,0,0,1,0,0,1,0,0
1289,2.0,1,0,0,0,1,0,0,0,1,0,1,0,0,0,1
1293,1.0,0,0,0,1,0,0,0,0,1,0,1,1,0,0,0
1295,0.0,0,1,0,0,1,0,0,0,0,0,0,1,0,0,1
1296,1.0,0,0,1,1,0,0,0,0,1,1,0,0,0,0,0
1297,0.0,0,0,0,0,1,0,1,0,0,1,0,1,0,0,1
1299,0.0,0,0,1,0,0,1,0,0,0,1,0,0,1,1,0
1300,0.0,0,0,1,0,0,1,0,1,0,0,0,0,1,1,0
1303,0.0,0,0,1,0,0,0,0,0,1,1,0,0,0,0,0
1304,1.0,1,0,0,0,0,0,1,0,0,1,0,0,0,0,1
1305,1.0,0,0,1,0,1,0,0,1,0,1,0,0,0,0,1
1306,0.0,0,0,1,0,0,1,1,0,0,0,1,0,1,0,1
1308,3.0,1,0,0,0,0,0,1,0,0,0,1,1,0,0,0
1311,0.0,0,0,0,0,0,0,0,1,0,0,0,0,0,0,1
1312,0.0,0,1,0,0,0,0,0,0,0,0,1,0,0,1,0
1313,0.0,0,1,0,1,0,0,0,0,1,0,0,1,0,0,1
1314,2.0,1,0,0,1,0,0,1,0,0,1,0,1,0,0,0
1316,0.0,1,0,0,0,0,0,0,1,0,0,0,0,0,0,1
1320,0.0,1,0,0,0,0,1,0,0,1,0,0,1,0,0,0
1323,0.0,0,0,0,0,0,1,1,0,0,0,1,1,0,1,0
1324,0.0,1,0,0,0,0,1,0,1,0,0,1,1,0,1,0
1329,1.0,0,0,0,0,1,0,0,0,1,0,1,1,0,0,0
1331,1.0,0,1,0,0,1,0,0,0,1,1,0,1,0,0,1
1336,0.0,0,0,1,1,0,0,1,0,0,0,1,0,0,1,0
1338,1.0,0,0,1,0,1,0,1,0,0,0,1,1,0,0,1
1339,1.0,0,0,0,0,0,0,1,0,0,0,1,0,0,0,0
1341,1.0,1,0,0,0,0,1,0,0,0,1,0,0,0,0,0
1342,1.0,0,0,1,0,1,0,0,0,1,1,0,1,0,0,0
1344,0.0,0,0,1,0,0,1,0,0,0,0,0,0,0,1,0
1345,0.0,0,0,1,0,0,0,0,0,1,1,0,0,1,0,0
1346,0.0,0,0,0,1,0,0,0,1,0,0,0,1,0,1,0
1347,0.0,0,0,1,0,0,0,1,0,0,0,1,1,0,0,1
1348,0.0,1,0,0,1,0,0,0,1,0,1,0,0,1,1,0
1350,0.0,0,1,0,1,0,0,0,0,0,0,1,1,0,1,0
1351,0.0,1,0,0,0,1,0,1,0,0,0,0,0,0,0,0
1352,1.0,1,0,0,0,0,1,0,0,1,1,0,1,0,0,1
1353,0.0,1,0,0,0,0,0,0,0,1,0,1,1,0,1,0
1355,1.0,0,1,0,0,0,1,0,0,1,0,1,0,1,0,0
1356,0.0,0,0,0,0,0,1,0,0,1,0,0,1,0,1,0
1358,0.0,0,0,0,1,0,0,0,0,0,0,1,0,0,1,0
1359,0.0,0,0,0,0,1,0,1,0,0,0,0,0,1,0,0
1363,0.0,0,0,1,0,0,1,0,0,0,0,0,0,1,0,0
1365,0.0,1,0,0,0,1,0,1,0,0,0,0,1,0,1,0
1367,1.0,0,1,0,0,1,0,0,0,0,0,1,1,0,0,0
1371,2.0,0,1,0,1,0,0,1,0,0,0,1,0,0,0,1
1373,0.0,0,0,1,0,0,0,0,0,1,0,0,1,0,1,0
1376,1.0,0,0,1,1,0,0,0,1,0,1,0,1,0,0,0
1379,1.0,0,0,1,1,0,0,1,0,0,1,0,1,0,0,0
1381,1.0,1,0,0,0,0,1,0,0,0,0,1,0,0,0,0
1383,2.0,1,0,0,0,1,0,0,0,0,0,1,1,0,0,0
1384,1.0,1,0,0,0,0,1,0,0,0,0,1,1,0,0,0
1389,0.0,0,1,0,0,1,0,0,1,0,0,0,1,0,0,0
1392,0.0,0,0,0,0,1,0,1,0,0,0,1,0,1,1,0
1393,0.0,0,0,0,1,0,0,0,0,0,0,1,0,1,0,0
1395,1.0,0,0,0,0,0,0,0,0,0,1,0,0,0,0,1
1398,0.0,0,0,1,0,1,0,0,0,0,0,1,0,1,0,0
1399,1.0,1,0,0,0,1,0,1,0,0,1,0,1,0,0,1
1400,1.0,1,0,0,1,0,0,1,0,0,1,0,1,0,0,1
1402,0.0,1,0,0,0,0,0,0,1,0,1,0,0,0,1,0
1403,0.0,1,0,0,1,0,0,0,0,0,0,0,0,1,0,0
1404,0.0,0,1,0,0,0,1,0,0,0,0,0,1,0,1,0
1405,1.0,1,0,0,0,0,1,1,0,0,0,1,0,1,0,0
1407,0.0,0,0,0,0,1,0,0,0,0,0,0,0,0,0,0
1408,0.0,0,1,0,1,0,0,0,0,0,0,0,1,0,0,0
1410,0.0,0,1,0,0,0,0,0,1,0,0,1,0,1,1,0
1415,0.0,0,1,0,1,0,0,0,1,0,0,1,0,1,1,0
1417,0.0,0,0,0,0,0,1,0,1,0,0,0,1,0,0,0
1418,0.0,0,0,0,0,0,0,1,0,0,0,0,1,0,0,1
1419,3.0,0,1,0,0,1,0,1,0,0,0,1,0,0,0,0
1420,0.0,0,0,0,1,0,0,0,0,0,1,0,1,0,0,1
1422,0.0,0,0,0,0,0,0,0,0,1,0,0,0,1,0,0
1423,0.0,0,0,0,0,0,0,0,0,1,0,0,1,0,0,1
1424,1.0,0,1,0,0,0,0,0,0,1,0,1,0,1,0,0
1426,0.0,1,0,0,0,0,1,0,0,0,1,0,0,0,1,0
1427,1.0,0,1,0,0,0,1,0,0,1,0,1,0,0,0,1
1430,1.0,1,0,0,0,0,0,1,0,0,0,1,1,0,0,1
1432,0.0,0,0,0,1,0,0,1,0,0,0,0,1,0,1,0
1434,0.0,0,0,1,0,0,1,0,1,0,0,0,1,0,1,0
1435,2.0,1,0,0,1,0,0,0,0,0,0,1,0,0,0,1
1436,0.0,0,0,1,1,0,0,1,0,0,1,0,1,0,0,1
1437,0.0,0,0,0,0,0,0,0,0,0,1,0,0,1,1,0
1439,0.0,0,0,1,0,0,1,0,1,0,1,0,0,0,0,0
1440,0.0,0,0,0,1,0,0,1,0,0,0,1,0,1,0,1
1442,0.0,0,0,1,0,0,1,0,1,0,0,0,1,0,0,0
1444,1.0,0,0,1,1,0,0,0,0,0,1,0,1,0,0,0
1445,0.0,0,1,0,0,0,0,1,0,0,0,0,1,0,0,1
1447,1.0,0,0,0,0,0,0,1,0,0,1,0,0,0,0,0
1448,0.0,1,0,0,1,0,0,0,0,1,0,0,0,0,0,0
1451,0.0,0,0,1,0,0,1,0,0,0,0,1,0,0,0,1
1455,0.0,0,1,0,0,0,1,1,0,0,0,1,0,1,0,1
1456,1.0,0,1,0,1,0,0,0,0,1,1,0,0,1,0,1
1458,0.0,1,0,0,0,0,1,0,0,0,0,1,0,0,1,0
1462,1.0,1,0,0,0,0,1,0,0,1,0,1,1,0,0,1
1466,0.0,0,0,1,0,0,0,0,0,0,0,0,0,1,0,0
1468,0.0,1,0,0,0,0,1,0,1,0,0,1,0,0,1,0
1469,0.0,0,0,0,0,0,1,0,0,0,0,0,0,0,0,1
1470,0.0,0,1,0,0,0,0,0,0,0,0,1,1,0,0,1
1472,0.0,1,0,0,0,0,1,1,0,0,0,0,0,0,0,1
1473,0.0,0,0,0,0,0,1,0,0,1,1,0,0,0,0,1
1474,1.0,0,0,0,1,0,0,0,1,0,0,1,0,1,0,0
1479,0.0,0,1,0,0,0,1,0,1,0,0,0,0,1,0,0
1482,0.0,0,1,0,0,0,0,1,0,0,1,0,0,0,1,0
1483,2.0,0,1,0,1,0,0,0,0,0,0,1,1,0,0,0
1485,0.0,1,0,0,0,0,0,0,0,0,0,0,0,0,0,1
1486,1.0,1,0,0,0,0,1,0,0,1,0,1,1,0,0,0
1488,0.0,0,0,0,0,0,1,0,0,1,0,0,0,1,1,0
1489,0.0,1,0,0,0,0,0,1,0,0,0,0,0,1,0,1
1490,0.0,1,0,0,0,1,0,0,1,0,0,0,0,0,1,0
1491,0.0,0,0,0,0,0,0,0,0,0,0,1,0,1,0,1
1494,1.0,0,1,0,0,1,0,0,0,0,1,0,0,1,0,0
1496,1.0,0,0,1,1,0,0,0,1,0,1,0,1,0,0,1
1498,1.0,0,0,0,1,0,0,1,0,0,1,0,0,0,0,0
1499,1.0,1,0,0,0,0,1,0,1,0,0,1,0,1,0,0
1506,0.0,0,0,0,1,0,0,1,0,0,0,1,0,1,1,0
1510,3.0,1,0,0,0,1,0,1,0,0,1,0,0,0,0,0
1512,1.0,0,1,0,0,0,0,0,0,1,0,1,1,0,0,0
1516,0.0,0,0,0,1,0,0,0,0,1,0,0,1,0,1,0
1518,0.0,0,1,0,0,1,0,0,0,0,0,0,1,0,1,0
1520,0.0,0,0,1,0,0,0,1,0,0,0,0,1,0,1,0
1526,0.0,0,0,1,1,0,0,1,0,0,0,0,1,0,0,1
1527,0.0,0,0,1,1,0,0,0,1,0,1,0,0,1,0,1
1528,0.0,0,0,0,0,0,0,1,0,0,0,0,0,1,1,0
1529,0.0,0,1,0,0,1,0,0,1,0,0,0,0,1,0,1
1530,0.0,0,1,0,0,1,0,0,1,0,0,0,0,1,0,0
1531,0.0,0,0,1,0,0,1,0,0,1,1,0,0,0,1,0
1535,1.0,0,0,0,0,0,0,0,0,0,1,0,0,0,0,0
1536,0.0,1,0,0,1,0,0,0,0,1,0,0,0,0,0,1
1538,0.0,1,0,0,0,1,0,0,1,0,0,0,0,0,0,0
1539,0.0,0,0,1,1,0,0,0,0,1,1,0,0,1,0,1
1541,0.0,1,0,0,0,1,0,0,0,0,0,1,0,0,1,0
1544,0.0,0,0,0,1,0,0,1,0,0,0,0,0,0,0,1
1547,0.0,0,1,0,0,0,1,1,0,0,0,0,1,0,0,0
1548,1.0,0,0,0,0,1,0,0,0,1,0,1,0,1,0,0
1549,0.0,0,0,1,0,1,0,1,0,0,0,1,1,0,1,0
1550,0.0,0,0,1,1,0,0,1,0,0,0,0,0,0,0,0
1553,0.0,0,1,0,1,0,0,1,0,0,0,0,0,1,0,1
1556,0.0,0,1,0,1,0,0,0,0,1,0,1,0,0,1,0
1557,0.0,0,0,0,0,1,0,0,0,1,0,0,0,1,1,0
1559,1.0,1,0,0,0,0,0,0,0,0,1,0,0,1,0,0
1561,0.0,0,0,1,1,0,0,0,0,1,0,1,0,1,0,1
1562,0.0,0,0,1,0,0,1,1,0,0,1,0,1,0,1,0
1563,0.0,1,0,0,0,1,0,1,0,0,0,0,0,0,0,1
1567,0.0,0,0,0,1,0,0,1,0,0,0,0,0,0,0,0
1570,0.0,1,0,0,0,0,1,1,0,0,0,0,1,0,0,0
1573,1.0,0,1,0,0,0,1,0,0,1,1,0,0,1,0,0
1574,0.0,0,0,0,0,0,1,0,0,1,0,0,0,0,0,0
1575,0.0,1,0,0,0,0,1,0,0,0,0,0,0,1,1,0
1576,0.0,0,1,0,0,0,1,0,0,0,0,0,0,0,1,0
1577,0.0,1,0,0,0,0,1,0,0,0,1,0,0,1,0,1
1578,2.0,1,0,0,0,1,0,0,1,0,0,1,0,1,0,0
1586,0.0,0,1,0,0,0,1,1,0,0,1,0,1,0,0,1
1587,0.0,0,0,0,1,0,0,1,0,0,0,0,1,0,0,1
1589,0.0,1,0,0,0,0,1,0,0,1,1,0,0,1,1,0
1591,0.0,0,1,0,0,0,0,0,0,0,1,0,0,1,0,1
1592,0.0,1,0,0,1,0,0,0,1,0,0,0,1,0,1,0
1593,0.0,1,0,0,0,0,0,0,1,0,0,0,1,0,0,0
1594,0.0,1,0,0,1,0,0,0,0,1,1,0,1,0,1,0
1595,3.0,1,0,0,1,0,0,0,0,1,1,0,0,0,0,0
1596,0.0,0,0,0,0,0,1,0,0,1,0,0,0,1,0,1
1598,0.0,1,0,0,1,0,0,1,0,0,1,0,1,0,1,0
1603,1.0,0,0,0,0,0,0,0,0,1,1,0,0,0,0,1
1605,0.0,0,0,0,0,0,1,0,0,0,0,0,0,1,1,0
1606,0.0,0,0,1,1,0,0,0,1,0,0,0,0,1,1,0
1609,0.0,0,0,1,0,0,1,0,0,0,0,0,1,0,1,0
1613,2.0,1,0,0,1,0,0,0,0,1,1,0,1,0,0,1
1614,0.0,0,0,1,0,1,0,0,1,0,1,0,0,1,1,0
1615,0.0,0,1,0,0,0,1,0,1,0,0,0,0,0,1,0
1617,0.0,1,0,0,1,0,0,0,1,0,0,0,0,0,1,0
1618,0.0,0,1,0,0,0,0,1,0,0,0,1,0,1,0,1
1619,1.0,0,0,0,1,0,0,0,0,1,1,0,1,0,0,0
1620,1.0,1,0,0,0,1,0,0,0,0,1,0,1,0,0,1
1621,0.0,0,1,0,1,0,0,0,0,0,1,0,0,0,1,0
1622,1.0,0,0,0,0,1,0,0,1,0,0,1,1,0,0,0
1623,0.0,1,0,0,0,0,0,1,0,0,0,0,1,0,0,1
1624,0.0,0,0,0,1,0,0,0,1,0,0,0,1,0,0,0
1627,3.0,1,0,0,0,1,0,0,1,0,0,1,0,0,0,0
1628,0.0,0,0,1,0,0,0,0,0,0,0,0,0,0,1,0
1629,2.0,1,0,0,1,0,0,0,1,0,1,0,1,0,0,1
1630,0.0,0,0,0,0,0,0,0,1,0,0,0,0,1,1,0
1632,1.0,1,0,0,0,0,1,1,0,0,0,1,1,0,0,1
1636,0.0,1,0,0,0,0,1,0,0,0,0,1,0,1,1,0
1641,1.0,0,1,0,0,1,0,0,0,1,1,0,0,0,0,1
1644,0.0,1,0,0,0,0,0,0,0,1,0,0,0,1,0,0
1645,2.0,0,1,0,1,0,0,0,0,1,0,1,1,0,0,1
1648,1.0,0,0,1,0,1,0,0,1,0,0,1,0,0,0,0
1651,0.0,0,0,0,0,0,1,0,0,1,0,1,1,0,0,1
1652,1.0,0,0,0,0,1,0,1,0,0,1,0,0,0,0,0
1653,3.0,1,0,0,0,0,0,0,1,0,1,0,1,0,0,0
1655,0.0,0,0,1,0,0,0,0,1,0,0,0,0,1,0,1
1660,0.0,0,1,0,0,0,1,1,0,0,0,1,0,1,1,0
1666,0.0,1,0,0,1,0,0,1,0,0,0,0,1,0,0,1
1667,0.0,0,0,0,0,0,1,1,0,0,0,0,0,1,1,0
1668,1.0,0,1,0,0,0,0,0,0,0,1,0,0,0,0,1
1669,1.0,0,1,0,0,0,0,0,0,0,0,1,0,0,0,1
1670,0.0,0,0,1,0,0,0,0,0,0,0,1,0,0,1,0
1671,1.0,0,0,0,1,0,0,0,0,0,0,1,0,0,0,0
1672,0.0,0,0,1,0,0,1,0,0,1,0,1,1,0,0,1
1674,0.0,0,0,1,0,0,0,1,0,0,0,0,0,1,1,0
1675,3.0,1,0,0,0,0,0,1,0,0,0,1,0,0,0,0
1677,1.0,0,0,0,1,0,0,0,0,1,0,1,0,0,0,0
1678,0.0,0,1,0,1,0,0,0,0,0,0,0,1,0,1,0
1681,0.0,0,0,0,0,0,1,0,1,0,1,0,1,0,1,0
1683,3.0,0,1,0,0,1,0,0,0,0,0,1,0,0,0,0
1684,0.0,1,0,0,0,0,0,0,1,0,0,1,0,0,1,0
1687,1.0,0,0,1,0,1,0,0,0,1,1,0,0,0,0,0
1689,1.0,0,0,1,0,1,0,0,0,1,0,1,1,0,0,1
1694,0.0,0,0,0,0,1,0,1,0,0,0,0,0,1,0,1
1696,3.0,0,1,0,1,0,0,0,0,1,1,0,1,0,0,0
1697,1.0,0,0,0,1,0,0,0,0,1,1,0,1,0,0,1
1698,0.0,0,1,0,1,0,0,0,0,1,1,0,1,0,1,0
1699,0.0,0,0,1,0,0,1,1,0,0,0,1,1,0,1,0
1700,0.0,1,0,0,0,0,1,0,0,0,0,1,0,1,0,1
1701,1.0,0,1,0,0,1,0,1,0,0,1,0,1,0,0,1
1702,0.0,0,0,1,0,0,1,0,1,0,0,1,1,0,0,0
1703,1.0,0,0,1,1,0,0,0,0,1,1,0,0,0,0,1
1705,0.0,0,0,0,0,0,1,0,0,1,1,0,1,0,0,0
1706,0.0,1,0,0,0,0,0,0,1,0,0,1,0,1,1,0
1707,0.0,0,0,0,0,1,0,1,0,0,0,0,1,0,0,0
1708,0.0,1,0,0,0,0,0,0,0,1,0,0,1,0,0,1
1712,0.0,0,1,0,1,0,0,1,0,0,0,1,0,1,1,0
1714,1.0,0,1,0,0,1,0,0,0,1,0,1,0,1,0,0
1716,2.0,1,0,0,0,1,0,0,0,0,1,0,0,0,0,1
1721,1.0,0,0,0,0,0,0,0,0,1,0,1,1,0,0,1
1722,0.0,0,0,0,0,0,0,0,0,1,1,0,0,1,0,1
1724,0.0,0,0,0,1,0,0,1,0,0,0,1,1,0,1,0
1725,0.0,1,0,0,1,0,0,0,0,1,0,0,0,1,0,1
1726,0.0,1,0,0,0,0,1,0,1,0,0,1,0,1,1,0
